<?xml version="1.0" encoding="UTF-8"?>
<beans xmlns="http://www.springframework.org/schema/beans"
	xmlns:xsi="http://www.w3.org/2001/XMLSchema-instance" 
	xmlns:aop="http://www.springframework.org/schema/aop"
	xsi:schemaLocation="http://www.springframework.org/schema/beans 
	http://www.springframework.org/schema/beans/spring-beans-4.0.xsd">
	
	<bean id="collection" class ="com.cg.ac.util.Collection">
	<property name="accountList">
	<list>
	<value>1322565263</value>
	<value>20000 </value>
	<value>7415417237 </value>
	<value>saving </value>
	<value>Raushan </value>
	</list>
	</property>
	
	</bean>
	
	<bean id="account" class ="com.cg.ac.entity.Account">
	<property name="contactNo">
	<value>Raushan</value>
	</property>
	</bean>
	</beans>